Scripted Comedy	ğŸ˜‚ HAHA	dm_suggestreply_haha
	ğŸ¤£ I'm crying	dm_suggestreply_im_crying
	ğŸ˜¹ LMAO	dm_suggestreply_lmao
	ğŸ˜† Comedy gold!	dm_suggestreply_comedy_gold
	ğŸ˜… People are hilarious	dm_suggestreply_people_hilar
Pranks	ğŸ˜‚ LOL	dm_suggestreply_lol
	ğŸ˜† Made my day	dm_suggestreply_made_my_day
	ğŸ¤£ So funny!	dm_suggestreply_so_funny
	ğŸ˜… Epic prank!	dm_suggestreply_epic_prank
	ğŸ˜¹ OMG	dm_suggestreply_omg
Hilarious Fails	ğŸ˜… I can't	dm_suggestreply_cant
	ğŸ˜‚ Made my day	dm_suggestreply_made_my_day2
	ğŸ¤£ I'm screaming	dm_suggestreply_im_screaming
	ğŸ˜¹ Epic fail	dm_suggestreply_epic_fail
	ğŸ˜† Wheezing!	dm_suggestreply_wheezing
Other Comedy	ğŸ˜¹ Too funny!	dm_suggestreply_too_funny
	ğŸ˜‚ HAHA	dm_suggestreply_haha
	ğŸ¤£ Comedy gold!	dm_suggestreply_comedy_gold2
	ğŸ˜‚ I love TikTok	dm_suggestreply_love_tiktok
	ğŸ˜… Too good!	dm_suggestreply_too_good
Lip-sync	ğŸ’¯ Too good!	dm_suggestreply_too_good1
	ğŸ˜² Huge fan!	dm_suggestreply_huge_fan
	ğŸ‘ Wow	dm_suggestreply_wow
	ğŸ‘‘ Iconic	dm_suggestreply_iconic
	ğŸ‘ So talented!	dm_suggestreply_so_talented
Scripted Drama	ğŸ˜² Viral material!	dm_suggestreply_viral_material
	ğŸ˜† That's so good!	dm_suggestreply_thats_so_good
	ğŸ˜¶ I'm speechless	dm_suggestreply_im_speechless
	ğŸ˜¬ Cringe	dm_suggestreply_cringe
	ğŸ‘€ Wait a sec	dm_suggestreply_wait_a_sec
Dance	ğŸ‘ Too good!	dm_suggestreply_too_good2
	ğŸ’¯ Perfection	dm_suggestreply_perfection
	ğŸ˜¬ Cringe	dm_suggestreply_cringe
	ğŸ˜ Amazing	dm_suggestreply_amazing
	ğŸ’ƒ Love it!	dm_suggestreply_love_it
Finger Dance & Basic Dance	âœ… Vibe check	dm_suggestreply_vibe_check
	ğŸ‘ Wow!	dm_suggestreply_wow2
	ğŸ¤¯ Mind-blowing!	dm_suggestreply_mind_blowing
	ğŸ” So detailed	dm_suggestreply_so_detailed
	ğŸ˜³ No way!	dm_suggestreply_no_way
Singing & Instruments	ğŸ˜² Huge fan	dm_suggestreply_huge_fan1
	ğŸ’¯ Too good!	dm_suggestreply_too_good1
	ğŸ‘ So talented!	dm_suggestreply_so_talented
	ğŸ¤© That's incredible	dm_suggestreply_thats_incredib
	ğŸ‘Œ Perfection	dm_suggestreply_perfection2
Graphic Art	ğŸ˜ Amazing	dm_suggestreply_amazing
	ğŸ˜² Unreal!	dm_suggestreply_unreal
	ğŸ’¯ Perfection	dm_suggestreply_perfection
	ğŸ¨ So creative!	dm_suggestreply_so_creative
	ğŸŒŸ Beautiful	dm_suggestreply_beautiful
Other Art	ğŸ¨ So creative!	dm_suggestreply_so_creative
	ğŸŒŸ Beautiful	dm_suggestreply_beautiful
	ğŸ” So detailed	dm_suggestreply_so_detailed
	ğŸ˜² Stunning!	dm_suggestreply_stunning
	ğŸ˜± That's unbelievable	dm_suggestreply_thats_unbeliev
Magic	ğŸ˜² I can't believe it	dm_suggestreply_cant_believe_it
	ğŸ¤” Mind-boggling...	dm_suggestreply_mind_boggling
	ğŸ˜® No way!	dm_suggestreply_no_way2
	ğŸ¤¯ Unreal!	dm_suggestreply_unreal2
	ğŸ˜± I'm shook	dm_suggestreply_im_shook
Professional Special Effects	ğŸ˜® Whoa!	dm_suggestreply_whoa
	ğŸ¤” Mind-boggling...	dm_suggestreply_mind_boggling
	ğŸ˜³ I can't believe it	dm_suggestreply_cant_believe_i
	ğŸ¤¯ Mindblown!	dm_suggestreply_mindblown
	ğŸ˜± I'm shook	dm_suggestreply_im_shook
DIY & Handicrafts	ğŸ¨ So creative!	dm_suggestreply_so_creative
	ğŸ¤© So cool!	dm_suggestreply_so_cool
	ğŸ˜¯ Incredible	dm_suggestreply_incredible
	ğŸ’¯ Perfection	dm_suggestreply_perfection
	ğŸ˜ I want one	dm_suggestreply_i_want_one
Other Talent	ğŸ’¯ Too good!	dm_suggestreply_too_good1
	ğŸ¤© Impressive	dm_suggestreply_impressive
	ğŸ”¥ So talented!	dm_suggestreply_so_talented2
	ğŸ˜® Whoa!	dm_suggestreply_whoa
	ğŸ¤” Mind-boggling...	dm_suggestreply_mind_boggling
Romance	ğŸ˜­ Congrats!	dm_suggestreply_congrats
	ğŸ˜ Goals	dm_suggestreply_goals
	ğŸ¥° So cute!	dm_suggestreply_so_cute
	ğŸ˜ Aww	dm_suggestreply_aww
	ğŸ˜¬ Cringe	dm_suggestreply_cringe
Family	ğŸ˜“ Not me crying	dm_suggestreply_not_me_crying
	ğŸ¥¹ Happy tears	dm_suggestreply_happy_tears
	ğŸ˜¢ Are you serious	dm_suggestreply_are_you_serious
	ğŸ˜­ Tears are falling	dm_suggestreply_tears_are_falling
	â¤ï¸ Love this	dm_suggestreply_love_this
Babies	ğŸ˜ Aww	dm_suggestreply_aww
	ğŸ¥° So cute!	dm_suggestreply_so_cute
	ğŸ˜‚ LOL	dm_suggestreply_lol
	ğŸ˜† That's so silly	dm_suggestreply_thats_so_silly
	ğŸ˜˜ So adorable!	dm_suggestreply_so_adorable
Pets	ğŸ˜² OMG!	dm_suggestreply_omg2
	ğŸ¥° So cute!	dm_suggestreply_so_cute
	ğŸ˜ I want one	dm_suggestreply_i_want_one
	ğŸ™€ I can't believe it!	dm_suggestreply_i_cant_believe_it
	ğŸ˜¢ Sadness	dm_suggestreply_sadness
Farm Animals	ğŸ¤  That's wild	dm_suggestreply_thats_wild
	ğŸ˜² OMG!	dm_suggestreply_omg2
	ğŸ¤£ I can't	dm_suggestreply_i_cant
	ğŸ˜¹ Too funny!	dm_suggestreply_too_funny
	â¤ï¸ Love animals	dm_suggestreply_love_animals
Other Animals	ğŸ˜® Whoa!	dm_suggestreply_whoa
	ğŸ˜¹ Too funny!	dm_suggestreply_too_funny
	ğŸ˜¢ Are you serious	dm_suggestreply_are_you_serious
	ğŸ¤  That's wild	dm_suggestreply_thats_wild
	â¤ï¸ Love animals	dm_suggestreply_love_animals
Scenery & Plants	ğŸ˜¶ I'm speechless	dm_suggestreply_im_speechless
	ğŸ¤” Mind-boggling...	dm_suggestreply_mind_boggling
	ğŸ˜¯ Incredible!	dm_suggestreply_incredible2
	ğŸ‘½ Out of this world	dm_suggestreply_out_of_this_world
	ğŸ’¯ Perfection	dm_suggestreply_perfection
Food Display 	ğŸ˜‹ Yums	dm_suggestreply_yums
	ğŸ˜ Looks tasty!	dm_suggestreply_looks_tasty
	ğŸ˜‹ I need!	dm_suggestreply_i_need
	ğŸ¤¤ Drooling	dm_suggestreply_drooling
	ğŸ¤¯ Unreal!	dm_suggestreply_unreal2
Cooking 	ğŸ˜‹ Yums	dm_suggestreply_yums
	ğŸ˜ Looks tasty!	dm_suggestreply_looks_tasty
	ğŸ˜‹ I need	dm_suggestreply_i_need1
	ğŸ¤¤ Drooling	dm_suggestreply_drooling
	ğŸ¤¯ Unreal!	dm_suggestreply_unreal2
Drinks	ğŸ˜ I want	dm_suggestreply_i_want
	ğŸ¥‚ Cheers!	dm_suggestreply_cheers
	ğŸ˜² Looks bussin	dm_suggestreply_looks_bussin
	âœ… Vibe check	dm_suggestreply_vibe_check
	ğŸ’¯ Too good!	dm_suggestreply_too_good1
Food Tour & Recommendations	ğŸ˜² Looks great	dm_suggestreply_looks_great
	ğŸ˜ I want!	dm_suggestreply_i_want2
	âœ… Vibe check	dm_suggestreply_vibe_check
	ğŸ˜ Looks tasty!	dm_suggestreply_looks_tasty
	ğŸ˜‹ Yums	dm_suggestreply_yums
Mukbangs & Tasting	ğŸ˜ I want	dm_suggestreply_i_want
	ğŸ˜² OMG!	dm_suggestreply_omg2
	ğŸ˜‹ Yums!	dm_suggestreply_yums2
	ğŸ’†â€â™€ï¸ This was healing	dm_suggestreply_this_was_healing
	ğŸ˜ I want	dm_suggestreply_i_want
Travel	âœ¨ Manifesting this	dm_suggestreply_manifesting_this
	ğŸŒ I wanna go!	dm_suggestreply_i_wanna_go
	ğŸ¤¯ Mind-blowing!	dm_suggestreply_mind_blowing
	ğŸ’¯ Travel goals	dm_suggestreply_travel_goals
	ğŸ˜­ When's it my turn	dm_suggestreply_whens_it_my_turn
Diary & VLOG	ğŸ’¯ Quality content	dm_suggestreply_quality_content
	ğŸ¥ Love this!	dm_suggestreply_love_this1
	ğŸ˜ Favs	dm_suggestreply_favs
	ğŸ˜ So cool!	dm_suggestreply_so_cool1
	ğŸ˜± I'm shook	dm_suggestreply_im_shook
Recreation Facilities	ğŸŒŸ Beautiful	dm_suggestreply_beautiful
	ğŸ’ª Stay fit 	dm_suggestreply_stay_fit
	ğŸ˜® Whoa!	dm_suggestreply_whoa
	ğŸ¤© I wanna go!	dm_suggestreply_i_wanna_go2
	ğŸ˜ That's awesome	dm_suggestreply_thats_awesome
Campus Life	ğŸ‘¨â€ğŸ“ Brings back memories	dm_suggestreply_brings_back_memories
	ğŸ‘€ Wait a sec	dm_suggestreply_wait_a_sec
	ğŸ˜‚ LOL	dm_suggestreply_lol
	âœ… Vibe check	dm_suggestreply_vibe_check
	ğŸ˜® Whoa!	dm_suggestreply_whoa
Work & Jobs	ğŸ˜‚ HAHA	dm_suggestreply_haha
	ğŸ¤” Interesting	dm_suggestreply_interesting
	ğŸ¤¯ Mindblown!	dm_suggestreply_mindblown
	ğŸ˜± That's impressive	dm_suggestreply_thats_impressive
	ğŸ™ƒ Same	dm_suggestreply_same
Life Hacks	ğŸ¤ Saving this	dm_suggestreply_saving_this
	ğŸ‘ So cool	dm_suggestreply_so_cool5
	ğŸ˜® I need	dm_suggestreply_I_need3
	ğŸ‘€ Wait a sec	dm_suggestreply_wait_a_sec
	ğŸ§ Genius ideas	dm_suggestreply_genius
Home & Garden	â¤ï¸ Love this	dm_suggestreply_love_this
	ğŸŒŸ Beautiful	dm_suggestreply_beautiful
	ğŸ¡ So interesting	dm_suggestreply_so_interesting
	ğŸ¤  That's wild	dm_suggestreply_thats_wild
	ğŸ’¯ So cool!	dm_suggestreply_so_cool3
Toys & Collectables	ğŸ•¹ï¸ Nostalgia feels	  dm_suggestreply_nostalgia_feels
	ğŸ˜® Whoa!	dm_suggestreply_whoa
	ğŸ˜ I want one	dm_suggestreply_i_want_one
	ğŸ‘Œ So cool!	dm_suggestreply_so_cool4
	ğŸ˜µ Huge fan	dm_suggestreply_huge_fan3
Selfies	ğŸ“¸ Great shot!	dm_suggestreply_great_shot
	ğŸ‘€ Selfie game strong	dm_suggestreply_selfie_game_strong
	ğŸ˜‚ HAHA	dm_suggestreply_haha
	ğŸ˜® Whoa!	dm_suggestreply_whoa
	ğŸ‘‘ Iconic	dm_suggestreply_iconic
Oddly Satisfying	ğŸ¤¤ So satisfying!	dm_suggestreply_so_satisfying
	ğŸ’¯ This is great	dm_suggestreply_this_is_great
	ğŸ˜® There's no way	dm_suggestreply_theres_no_way
	ğŸŒ€ Mesmerizing	dm_suggestreply_mesmerizing
	ğŸ¤” Mind-boggling...	dm_suggestreply_mind_boggling
Street Interviews & Social Experiments	ğŸ˜¬ Cringe	dm_suggestreply_cringe
	ğŸ‘€ Wait a sec	dm_suggestreply_wait_a_sec
	ğŸ¤“ Intriguing	dm_suggestreply_intriguing
	ğŸ—£ Speak up	dm_suggestreply_speak_up
	ğŸ˜³ The audacity 	dm_suggestreply_the_audacity
Environmental Protection	ğŸŒ± Save the planet!	dm_suggestreply_save_the_planet
	ğŸ—£ Speak up	dm_suggestreply_speak_up
	ğŸŒ Earth day everyday	dm_suggestreply_earth_day_everyday
	ğŸ˜³ Shocking!	dm_suggestreply_shocking
	ğŸ¤“ So fascinating	dm_suggestreply_so_fascinating
Social News	ğŸ¤” Interesting	dm_suggestreply_interesting
	ğŸ™ Thanks for sharing	dm_suggestreply_thanks_for_sharing
	ğŸ—£ Speak up!	dm_suggestreply_speak_up2
	ğŸ‘ Good to know!	dm_suggestreply_good_to_know
	ğŸ˜¬ Cringe	dm_suggestreply_cringe
Social Issues	ğŸ—£ï¸ Let's discuss!	dm_suggestreply_lets_discuss
	ğŸ˜¬ Cringe	dm_suggestreply_cringe
	ğŸ˜¶ I'm speechless!	dm_suggestreply_im_speechless1
	ğŸ‘Œ So insightful!	dm_suggestreply_so_insightful
	ğŸ˜¢ That makes me so sad	dm_suggestreply_that_makes_me_so_sad
Beauty	ğŸ’‹ Gorgeous look	dm_suggestreply_gorgeous_look
	ğŸ˜© I need!	dm_suggestreply_i_need2
	ğŸ›ï¸ I must have it	dm_suggestreply_i_must_have_it
	ğŸŒ¸ Lovely colors	dm_suggestreply_lovely_colors
	ğŸ™ Thanks for sharing	dm_suggestreply_thanks_for_sharing
Hair	ğŸ˜ So cute!	dm_suggestreply_so_cute1
	ğŸ˜® Amazing hairstyle	dm_suggestreply_amazing_hairstyle
	ğŸ¨ So creative	dm_suggestreply_so_creative1
	â¤ï¸ Love this!	dm_suggestreply_love_this2
	ğŸ’¯ That transformation	dm_suggestreply_that_transformation
Nail Art	ğŸ˜ Cute	dm_suggestreply_cute
	ğŸ¨ So creative	dm_suggestreply_so_creative1
	ğŸ¤ Saving this!	dm_suggestreply_saving_this1
	ğŸŒŸ Beautiful	dm_suggestreply_beautiful
	ğŸ’… Stunning!	dm_suggestreply_stunning1
Other Beauty	ğŸ’‹ Gorgeous look	dm_suggestreply_gorgeous_look
	ğŸ˜© I need!	dm_suggestreply_i_need2
	ğŸ›ï¸ I must have it	dm_suggestreply_i_must_have_it
	ğŸŒ¸ Lovely colors	dm_suggestreply_lovely_colors
	ğŸ™ Thanks for sharing	dm_suggestreply_thanks_for_sharing
Outfits	ğŸ›ï¸ I want one	dm_suggestreply_i_want_one1
	ğŸ˜© I need!	dm_suggestreply_i_need2
	â¤ï¸ Love this	dm_suggestreply_love_this
	ğŸ˜® Whoa!	dm_suggestreply_whoa
	ğŸ˜ Stunning!	dm_suggestreply_stunning2
	ğŸ‘Œ Perfection	dm_suggestreply_perfection2
Other Fashion	ğŸ˜© I need	dm_suggestreply_i_need4
	â¤ï¸ Love this!	dm_suggestreply_love_this2
	ğŸ™ Thanks for sharing	dm_suggestreply_thanks_for_sharing
	ğŸ˜® Whoa!	dm_suggestreply_whoa
	ğŸ˜ Stunning	dm_suggestreply_stunning3
Movies & TV works	ğŸ˜‚ HAHA	dm_suggestreply_haha
	ğŸ˜² OMG!	dm_suggestreply_omg2
	â¤ï¸ Love this	dm_suggestreply_love_this
	ğŸ’¯ Too good!	dm_suggestreply_too_good1
	ğŸ™ Thanks for sharing	dm_suggestreply_thanks_for_sharing
Music 	ğŸ¶ Love this song	dm_suggestreply_love_this_song
	â¤ï¸ Love this	dm_suggestreply_love_this
	ğŸ™ Thanks for sharing	dm_suggestreply_thanks_for_sharing
	ğŸ’¯ A certified banger!	dm_suggestreply_a_certified_banger
	ğŸ‘‘ Iconic!	dm_suggestreply_iconic1
Theatre & Stage	ğŸ‘ So talented!	dm_suggestreply_so_talented
	â¤ï¸ Love this	dm_suggestreply_love_this
	ğŸ˜® Whoa!	dm_suggestreply_whoa
	ğŸ™ Thanks for sharing	dm_suggestreply_thanks_for_sharing
	â¤ï¸ Love this	dm_suggestreply_love_this
Entertainment News	ğŸ˜‚ HAHA	dm_suggestreply_haha
	ğŸ˜³ No way!	dm_suggestreply_no_way
	ğŸ¤  That's wild	dm_suggestreply_thats_wild
	ğŸ‘ Good to know!	dm_suggestreply_good_to_know
	â¤ï¸ Love this	dm_suggestreply_love_this
Celebrity Clips & Variety Show	ğŸ‘ Big fan	dm_suggestreply_big_fan
	ğŸ˜² OMG!	dm_suggestreply_omg2
	ğŸ’¯ Legend	dm_suggestreply_legend
	ğŸ˜µ Huge fan!	dm_suggestreply_huge_fan2
	ğŸ™ Thanks for sharing	dm_suggestreply_thanks_for_sharing
Cosplay	ğŸ¥³ Mood	dm_suggestreply_mood
	â¤ï¸ Love this!	dm_suggestreply_love_this2
	ğŸ˜² The outfits	dm_suggestreply_the_outfits
	ğŸ˜ Love the look!	dm_suggestreply_love_the_look
	ğŸ˜Š Slay	dm_suggestreply_slay
Comics & Cartoon, Anime	ğŸ’¯ Too good!	dm_suggestreply_too_good1
	ğŸ˜ Love the look!	dm_suggestreply_love_the_look
	â¤ï¸ Love this	dm_suggestreply_love_this
	ğŸ˜® So creative	dm_suggestreply_so_creative2
	ğŸ˜‚ LOL	dm_suggestreply_lol
Video Games	ğŸ® Love this game	dm_suggestreply_love_this_game
	ğŸ’¯ Looks so cool	dm_suggestreply_looks_so_cool
	ğŸ˜® I want!	dm_suggestreply_i_want3
	ğŸ™ Thanks for sharing	dm_suggestreply_thanks_for_sharing
	ğŸ˜® Whoa!	dm_suggestreply_whoa
Non-Video Games	ğŸ˜ So cool	dm_suggestreply_so_cool2
	ğŸ¤© I want to try!	dm_suggestreply_i_want_to_try
	ğŸ˜‚ LOL	dm_suggestreply_lol
	ğŸ™ Thanks for sharing	dm_suggestreply_thanks_for_sharing
	ğŸ’¯ Looks great	dm_suggestreply_looks_great1
Supernatural & Horror	ğŸ˜± I'm shook	dm_suggestreply_im_shook
	ğŸ˜² OMG!	dm_suggestreply_omg2
	ğŸ˜­ Are you serious	dm_suggestreply_are_you_serious1
	ğŸ˜± So scary	dm_suggestreply_so_scary
	ğŸ˜³ No way!	dm_suggestreply_no_way
Traditional Culture	â¤ï¸ Love this	dm_suggestreply_love_this
	ğŸ™ Thanks for sharing	dm_suggestreply_thanks_for_sharing
	ğŸ¤” Interesting	dm_suggestreply_interesting
	ğŸ‘ Fascinating culture	dm_suggestreply_fascinating_culture
	ğŸ‘ So cool	dm_suggestreply_so_cool5
School Education	ğŸ§  Learning so much	dm_suggestreply_learning_so_much
	ğŸ™ Thanks for sharing	dm_suggestreply_thanks_for_sharing
	ğŸ“š Back to school!	dm_suggestreply_back_to_school
	ğŸ§ So interesting	dm_suggestreply_so_interesting2
	â¤ï¸ Love this	dm_suggestreply_love_this
Professional & Personal Development	ğŸ™ Thanks for sharing	dm_suggestreply_thanks_for_sharing
	ğŸ‘ So interesting	dm_suggestreply_so_interesting3
	ğŸ’¯ Valuable tips	dm_suggestreply_valuable_tips
	â¤ï¸ Love this	dm_suggestreply_love_this
	ğŸ§  Thought-provoking!	  dm_suggestreply_thought_provoking
Humanities	ğŸ™ Thanks for sharing	dm_suggestreply_thanks_for_sharing
	ğŸ§ Interesting topic	dm_suggestreply_interesting_topic
	ğŸ§  Thought-provoking!	  dm_suggestreply_thought_provoking
	ğŸ‘ So cool	dm_suggestreply_so_cool5
	â¤ï¸ Love this	dm_suggestreply_love_this
Business & Finance	ğŸ’¼ Great advice!	dm_suggestreply_great_advice
	ğŸ™ Thanks for sharing	dm_suggestreply_thanks_for_sharing
	ğŸ’¯ Valuable tips	dm_suggestreply_valuable_tips
	ğŸ¤” Interesting	dm_suggestreply_interesting
	ğŸ¤ Saving this	dm_suggestreply_saving_this
Science	ğŸ¤“ Fascinating	dm_suggestreply_fascinating
	â¤ï¸ Love this	dm_suggestreply_love_this
	ğŸ™ Thanks for sharing	dm_suggestreply_thanks_for_sharing
	ğŸ¤– Amazing technology!	dm_suggestreply_amazing_technology
	ğŸ˜² OMG!	dm_suggestreply_omg2
Motivation	ğŸ‘ So inspiring	dm_suggestreply_so_inspiring
	ğŸ™ Thanks for sharing	dm_suggestreply_thanks_for_sharing
	ğŸ¤ Send me more	dm_suggestreply_send_me_more
	ğŸ¤— So uplifting!	dm_suggestreply_so_uplifting
	â¤ï¸ Love this	dm_suggestreply_love_this
Tech Products & Infos	ğŸ“± Cool tech!	dm_suggestreply_cool_tech
	ğŸ˜® Whoa!	dm_suggestreply_whoa
	ğŸ¤“ I want one	dm_suggestreply_i_want_one2
	ğŸ˜© I need!	dm_suggestreply_i_need2
	ğŸ‘ So cool	dm_suggestreply_so_cool5
Software & APPs	ğŸ˜® Whoa!	dm_suggestreply_whoa
	ğŸ˜© I need	dm_suggestreply_i_need4
	ğŸ“± Cool app!	dm_suggestreply_cool_app
	ğŸ‘ So cool	dm_suggestreply_so_cool5
	ğŸ¤¯ This is amazing	dm_suggestreply_this_is_amazing
Photography	ğŸ™ Thanks for sharing	dm_suggestreply_thanks_for_sharing
	ğŸ‘‘ Iconic	dm_suggestreply_iconic
	ğŸ“· Great shots	dm_suggestreply_great_shots
	ğŸ¤“ Inspired	dm_suggestreply_inspired
	â¤ï¸ Love this	dm_suggestreply_love_this
Traditional Sports	ğŸ˜‚ HAHA	dm_suggestreply_haha
	ğŸ’¯ Legend	dm_suggestreply_legend
	ğŸ˜² OMG!	dm_suggestreply_omg2
	ğŸ‘ Cool game	dm_suggestreply_cool_game
	ğŸ’ª Too fit	dm_suggestreply_too_fit
Extreme Sports	ğŸ¥² I wish I could do that	dm_suggestreply_i_wish_i_could_do_that
	ğŸ’ª Too fit	dm_suggestreply_too_fit
	ğŸ˜± I'm shook	dm_suggestreply_im_shook
	ğŸ¤¯ Mindblown!	dm_suggestreply_mindblown
	ğŸ˜³ No way!	dm_suggestreply_no_way
Sports News	ğŸ’¯ Legend	dm_suggestreply_legend
	ğŸ¤” Interesting	dm_suggestreply_interesting
	ğŸ™Œ Let's go	dm_suggestreply_lets_go
	ğŸ¤ I hope so	dm_suggestreply_i_hope_so
	ğŸ˜® There's no way	dm_suggestreply_theres_no_way
Fitness	ğŸ’ª Too fit	dm_suggestreply_too_fit
	ğŸ‘Š Respect	dm_suggestreply_respect
	ğŸ˜® Whoa!	dm_suggestreply_whoa
	ğŸ™ Thanks for sharing	dm_suggestreply_thanks_for_sharing
	ğŸ¤“ Inspired	dm_suggestreply_inspired
Health & Wellness	âœ¨ Manifesting this	dm_suggestreply_manifesting_this
	ğŸ¤ Saving this	dm_suggestreply_saving_this
	ğŸ™ Thanks for sharing	dm_suggestreply_thanks_for_sharing
	â¤ï¸ Love this	dm_suggestreply_love_this
	ğŸŒ± Need this	dm_suggestreply_need_this
Fishing, Hunting & Camping	ğŸ¤  That's wild	dm_suggestreply_thats_wild
	ğŸ‘ I'm down	dm_suggestreply_im_down
	ğŸ˜ So cool	dm_suggestreply_so_cool2
	â¤ï¸ Love this	dm_suggestreply_love_this
	ğŸŒ² Let's go	dm_suggestreply_lets_go2
Cars, Trucks & Motorcycles	ğŸ‘Œ I want one	dm_suggestreply_i_want_one3
	ğŸ˜ Stunning	dm_suggestreply_stunning3
	â¤ï¸ Love this	dm_suggestreply_love_this
	ğŸ˜ So cool!	dm_suggestreply_so_cool1
	ğŸ˜® Whoa!	dm_suggestreply_whoa
Other Transportation	ğŸ¤” Interesting	dm_suggestreply_interesting
	ğŸ™ Thanks for sharing	dm_suggestreply_thanks_for_sharing
	â¤ï¸ Love this	dm_suggestreply_love_this
	ğŸ˜ So cool	dm_suggestreply_so_cool2
	ğŸ˜® Whoa!	dm_suggestreply_whoa